{
  "action": {
    "mean": [
      0.005905154161155224,
      0.015624555759131908,
      -0.01711679995059967,
      -0.17605812847614288,
      -0.27223050594329834,
      0.08853844553232193,
      -0.9635146260261536
    ],
    "std": [
      0.18553917109966278,
      0.21384268999099731,
      0.5188899636268616,
      0.17885757982730865,
      0.3550705909729004,
      0.08076208084821701,
      0.5533193945884705
    ],
    "max": [
      0.9782674908638,
      1.9134976863861084,
      1.7269877195358276,
      0.6711161136627197,
      0.41654470562934875,
      0.6599242091178894,
      1.8989753723144531
    ],
    "min": [
      -1.2728497982025146,
      -1.4719959497451782,
      -1.9309868812561035,
      -1.2715486288070679,
      -1.6777757406234741,
      -0.5012167692184448,
      -1.8169103860855103
    ]
  },
  "observation.state": {
    "mean": [
      0.9174000024795532,
      -0.01049125101417303,
      0.007444386836141348,
      0.1590067446231842,
      -0.09838088601827621,
      0.9704112410545349,
      -0.038628753274679184
    ],
    "std": [
      0.27528294920921326,
      0.04898646101355553,
      0.05527353659272194,
      0.0839250236749649,
      0.07784943282604218,
      0.0279473215341568,
      0.03636806458234787
    ],
    "max": [
      1.0,
      0.10384273529052734,
      0.10823440551757812,
      0.3116265833377838,
      0.0323910154402256,
      0.9999961853027344,
      0.045061491429805756
    ],
    "min": [
      0.0,
      -0.10916709899902344,
      -0.09423637390136719,
      0.010095715522766113,
      -0.3269379138946533,
      0.8578193783760071,
      -0.1783495545387268
    ]
  },
  "observation.images.main": {
    "mean": [
      [
        [
          0.640844464302063
        ]
      ],
      [
        [
          0.4520342946052551
        ]
      ],
      [
        [
          0.35249802470207214
        ]
      ]
    ],
    "std": [
      [
        [
          0.19355058670043945
        ]
      ],
      [
        [
          0.10969144105911255
        ]
      ],
      [
        [
          0.1380631923675537
        ]
      ]
    ],
    "max": [
      [
        [
          1.0
        ]
      ],
      [
        [
          1.0
        ]
      ],
      [
        [
          1.0
        ]
      ]
    ],
    "min": [
      [
        [
          0.0313725508749485
        ]
      ],
      [
        [
          0.0
        ]
      ],
      [
        [
          0.0
        ]
      ]
    ]
  },
  "timestamp": {
    "mean": [
      0.8166666626930237
    ],
    "std": [
      0.4810290038585663
    ],
    "max": [
      1.6333333253860474
    ],
    "min": [
      0.0
    ]
  },
  "frame_index": {
    "mean": [
      24.5
    ],
    "std": [
      14.430869689661812
    ],
    "max": [
      49.0
    ],
    "min": [
      0.0
    ]
  },
  "episode_index": {
    "mean": [
      49.5
    ],
    "std": [
      28.86607004772212
    ],
    "max": [
      99.0
    ],
    "min": [
      0.0
    ]
  },
  "index": {
    "mean": [
      2499.5
    ],
    "std": [
      1443.3756441065507
    ],
    "max": [
      4999.0
    ],
    "min": [
      0.0
    ]
  },
  "task_index": {
    "mean": [
      0.0
    ],
    "std": [
      0.0
    ],
    "max": [
      0.0
    ],
    "min": [
      0.0
    ]
  }
}